[{"model": "campaign.category", "pk": 1, "fields": {"name": "News", "description": "Daily news about the campaign."}}, {"model": "campaign.category", "pk": 2, "fields": {"name": "Events", "description": "Latest events."}}, {"model": "campaign.category", "pk": 3, "fields": {"name": "Issues", "description": "Latest issues."}}, {"model": "campaign.category", "pk": 5, "fields": {"name": "About", "description": "About the movement. Kusaabsan dhaqdhaqaaqa."}}, {"model": "campaign.videotype", "pk": 1, "fields": {"name": "Youtube", "description": "YouTube allows billions of people to discover, watch and share originally-created videos."}}, {"model": "campaign.videotype", "pk": 2, "fields": {"name": "Vimeo", "description": "Vimeo is a video-sharing website in which users can upload, share and view videos."}}, {"model": "campaign.video", "pk": 1, "fields": {"title": "Soomaaliyey Toosoo.", "videoId": "55h5FnCD7Sg", "type": 1, "description": "Heesta calanka Soomaaliya."}}, {"model": "campaign.video", "pk": 2, "fields": {"title": "Best Of Fails 2015", "videoId": "9hWA29oGCqg", "type": 1, "description": "Best Of Fails 2015 Part 3 (Best Fails/Wins of the year!)"}}, {"model": "campaign.video", "pk": 3, "fields": {"title": "7 Days, 50 Men, 2 Cranes, One Army Truck and 2 Low Loaders to get out of...", "videoId": "m4cdOB_RsN0", "type": 1, "description": "7 Days, 50 Men, 2 Cranes, One Army Truck and 2 Low Loaders to get out of the Pool.."}}, {"model": "campaign.video", "pk": 4, "fields": {"title": "SHOCKING Plane Crashes", "videoId": "9FZzkT-AE58", "type": 1, "description": "7:03  MOST SHOCKING and EXTREME plane crashes"}}, {"model": "campaign.video", "pk": 5, "fields": {"title": "TOP 10 Truck Fails", "videoId": "ZQGxMCYhtOg", "type": 1, "description": "top 10 truck fails compilation #1, heavy equipment accident around the world 2016"}}, {"model": "campaign.image", "pk": 1, "fields": {"description": "image", "photo": "images/2016/07/03/no-image_Atj9DzV.png", "view_counter": 0, "alt": "image"}}, {"model": "campaign.image", "pk": 2, "fields": {"description": "image", "photo": "images/2016/07/03/no-image.png", "view_counter": 0, "alt": "image"}}, {"model": "campaign.image", "pk": 3, "fields": {"description": "image", "photo": "images/2016/07/03/010.jpg", "view_counter": 0, "alt": "image"}}, {"model": "campaign.image", "pk": 4, "fields": {"description": "image", "photo": "images/2016/07/03/013.jpg", "view_counter": 0, "alt": "image"}}, {"model": "campaign.image", "pk": 5, "fields": {"description": "Ma dhulka saan barwaaqo u ah ayaa laga tahriibaa?", "photo": "images/2016/07/03/015.jpg", "view_counter": 0, "alt": "Tahriibka"}}, {"model": "campaign.image", "pk": 6, "fields": {"description": "Sawir", "photo": "images/2016/07/03/001.jpg", "view_counter": 0, "alt": "Sawir doog ah"}}, {"model": "campaign.image", "pk": 7, "fields": {"description": "Tijaabo ahaan ayaa loo soo galiyay", "photo": "images/2016/07/03/150805_WALKER_somalifarmers_4466x.jpg", "view_counter": 0, "alt": "Mahdi's image"}}, {"model": "campaign.image", "pk": 8, "fields": {"description": "Sawir doog aad u qurux badan", "photo": "images/2016/07/03/Car-3D-Wallpaper-Android-Phones.jpg", "view_counter": 0, "alt": "Sawir doog qurux badan"}}, {"model": "campaign.post", "pk": 1, "fields": {"title": "Mowduuc Tijaabo ah oo Booscelis ahaan halkan loo dhigay!", "language": "so", "description": "Waa warbixin tijaabo ah oo loogu talagalay in lagu saxo muuqaalka warbixinada soo socda.", "video": 1, "content": "Waa warbixin tijaabo ah oo loogu talagalay in lagu saxo muuqaalka warbixinada soo socda. Waa warbixin tijaabo ah oo loogu talagalay in lagu saxo muuqaalka warbixinada soo socda. Waa warbixin tijaabo ah oo loogu talagalay in lagu saxo muuqaalka warbixinada soo socda. Waa warbixin tijaabo ah oo loogu talagalay in lagu saxo muuqaalka warbixinada soo socda. Waa warbixin tijaabo ah oo loogu talagalay in lagu saxo muuqaalka warbixinada soo socda. Waa warbixin tijaabo ah oo loogu talagalay in lagu saxo muuqaalka warbixinada soo socda. Waa warbixin tijaabo ah oo loogu talagalay in lagu saxo muuqaalka warbixinada soo socda. Waa warbixin tijaabo ah oo loogu talagalay in lagu saxo muuqaalka warbixinada soo socda.", "date_added": "2016-06-01T19:10:38Z", "last_updated": "2016-06-01T19:10:38Z", "published_date": "2016-06-01T19:10:38Z", "likes": 1, "dislikes": 0, "category": 1, "author": 1, "featured_image": 1, "view_counter": 0}}, {"model": "campaign.post", "pk": 2, "fields": {"title": "Waa mowduuc kale oo tijaabo ah", "language": "so", "description": "Mowduucan waxaa lagu tijaabinayaa warbixinnada.", "video": 2, "content": "Mowduucan waxaa lagu tijaabinayaa warbixinnada. Mowduucan waxaa lagu tijaabinayaa warbixinnada. Mowduucan waxaa lagu tijaabinayaa warbixinnada. Mowduucan waxaa lagu tijaabinayaa warbixinnada. Mowduucan waxaa lagu tijaabinayaa warbixinnada. Mowduucan waxaa lagu tijaabinayaa warbixinnada. Mowduucan waxaa lagu tijaabinayaa warbixinnada.", "date_added": "2016-06-01T19:53:20Z", "last_updated": "2016-06-01T19:53:20Z", "published_date": "2016-06-01T19:53:20Z", "likes": 0, "dislikes": 0, "category": 1, "author": 1, "featured_image": 2, "view_counter": 0}}, {"model": "campaign.post", "pk": 4, "fields": {"title": "Arinta Tahriibka Dhalinyarada Soomaaliyeed", "language": "so", "description": "dhalinyarad Soomaaliyeed oo dhib weyn uu kasoo gaaro tariibka badaha.", "video": 1, "content": "Dhalinyaro farabadan oo Soomaali ah ayaa sanadkasta waxa ay ku dhamaadaan badaha udhexeeya Yemen iyo Soomaaliya iyo tan u dhexeyso qaarada Afrika iyo Yurub.\r\nDhalinyaro farabadan oo Soomaali ah ayaa sanadkasta waxa ay ku dhamaadaan badaha udhexeeya Yemen iyo Soomaaliya iyo tan u dhexeyso qaarada Afrika iyo Yurub.\r\nDhalinyaro farabadan oo Soomaali ah ayaa sanadkasta waxa ay ku dhamaadaan badaha udhexeeya Yemen iyo Soomaaliya iyo tan u dhexeyso qaarada Afrika iyo Yurub.\r\nDhalinyaro farabadan oo Soomaali ah ayaa sanadkasta waxa ay ku dhamaadaan badaha udhexeeya Yemen iyo Soomaaliya iyo tan u dhexeyso qaarada Afrika iyo Yurub.\r\nDhalinyaro farabadan oo Soomaali ah ayaa sanadkasta waxa ay ku dhamaadaan badaha udhexeeya Yemen iyo Soomaaliya iyo tan u dhexeyso qaarada Afrika iyo Yurub.", "date_added": "2016-06-12T22:16:30Z", "last_updated": "2016-06-12T22:16:30Z", "published_date": "2016-06-12T22:16:30Z", "likes": 0, "dislikes": 0, "category": 3, "author": 2, "featured_image": 4, "view_counter": 0}}, {"model": "campaign.post", "pk": 5, "fields": {"title": "Shaqa la'aanta dhalinyarada Soomaaliyeed", "language": "so", "description": "Dhibaatada shaqo la'aanta ay keentay ee heysta dhalinyarada.", "video": 2, "content": "Dhalinyarada Soomaaliyeed oo dhibaatooyin farabadan soo maray ayaa dhibaatada xiligan ugu weyn ay tahay dhaqaalo xumo shaqo la'aan baahsan taaso ka dhalatay amni xumada iyo qorshe xumada hey'adaha shaqada ku leh inay xal u helaan arintan.\r\nDhalinyarada Soomaaliyeed oo dhibaatooyin farabadan soo maray ayaa dhibaatada xiligan ugu weyn ay tahay dhaqaalo xumo shaqo la'aan baahsan taaso ka dhalatay amni xumada iyo qorshe xumada hey'adaha shaqada ku leh inay xal u helaan arintan.\r\nDhalinyarada Soomaaliyeed oo dhibaatooyin farabadan soo maray ayaa dhibaatada xiligan ugu weyn ay tahay dhaqaalo xumo shaqo la'aan baahsan taaso ka dhalatay amni xumada iyo qorshe xumada hey'adaha shaqada ku leh inay xal u helaan arintan.\r\nDhalinyarada Soomaaliyeed oo dhibaatooyin farabadan soo maray ayaa dhibaatada xiligan ugu weyn ay tahay dhaqaalo xumo shaqo la'aan baahsan taaso ka dhalatay amni xumada iyo qorshe xumada hey'adaha shaqada ku leh inay xal u helaan arintan.", "date_added": "2016-06-12T22:24:16Z", "last_updated": "2016-06-12T22:24:16Z", "published_date": "2016-06-12T22:24:16Z", "likes": 0, "dislikes": 0, "category": 3, "author": 2, "featured_image": 5, "view_counter": 0}}, {"model": "campaign.post", "pk": 6, "fields": {"title": "Munaasabada Kudhawaaqida Ololaha Doorashada", "language": "so", "description": "Waa dhacdo aad muhiim u ah oo shacabka Soomaaliyeed lagula socodsiin doono...", "video": 2, "content": "Shacabka Soomaaliyeed oo mudo dheer aad u dhowrayay arinta ku dhawaaqista ololoaha doorashada iyo in Mudane Jabril uu ka qeyb qaadan doono doorashada ayaa loo qabtay waqti.\r\nArintan ayaa ka farxisay dad farabadan oo taageero weyn u haya Mudane Jabril aaminsanna in uu dalka wax weyn uu ka bedeli karo.\r\nMudane Jabril oo ah nin khibrad aad u dheer u leh siyaasada geeska afrika iyo arimaha Soomaaliya gaar ahaan ayaa dadweynaha Soomaaliyeed hortooda ka muujin doono waxa uu ka damacsan yahay doorashada iyo dib udhiska iyo horumarinta dalka.", "date_added": "2016-06-21T21:22:48Z", "last_updated": "2016-06-21T21:22:48Z", "published_date": "2016-06-21T21:22:48Z", "likes": 1, "dislikes": 0, "category": 2, "author": 1, "featured_image": 6, "view_counter": 0}}, {"model": "campaign.post", "pk": 7, "fields": {"title": "Kusaabsan Hal Qaran", "language": "so", "description": "Hal Qaran waa dhaqdhaqaaqa ujeedadiisu tahay badbaadinta Ummadda.", "video": 1, "content": "**Hal Qaran** waa dhaqdhaqaaqa ummadda Soomaaliyeed ay ugu talagashay inay uga gudubto dhibaatooyinka 30-ki sano ee ugu danbeeyay dishooday ee cadaalad xumada, dhaqaalo xumada iyo wadaniyad xumada ay keeneen. Hal Qaran waa dhaqdhaqaaqa ummadda Soomaaliyeed ay ugu talagashay inay uga gudubto dhibaatooyinka 30-ki sano ee ugu danbeeyay dishooday ee cadaalad xumada, dhaqaalo xumada iyo wadaniyad xumada ay keeneen.\r\n\r\nHal Qaran waa dhaqdhaqaaqa ummadda Soomaaliyeed ay ugu talagashay inay uga gudubto dhibaatooyinka 30-ki sano ee ugu danbeeyay dishooday ee cadaalad xumada, dhaqaalo xumada iyo wadaniyad xumada ay keeneen. Hal Qaran waa dhaqdhaqaaqa ummadda Soomaaliyeed ay ugu talagashay inay uga gudubto dhibaatooyinka 30-ki sano ee ugu danbeeyay dishooday ee cadaalad xumada, dhaqaalo xumada iyo wadaniyad xumada ay keeneen.", "date_added": "2016-06-28T08:06:03Z", "last_updated": "2016-06-28T08:06:03Z", "published_date": "2016-06-28T08:06:03Z", "likes": 0, "dislikes": 0, "category": 5, "author": 1, "featured_image": 1, "view_counter": 0}}, {"model": "campaign.post", "pk": 8, "fields": {"title": "About Hal Qaran", "language": "en", "description": "Hal Qaran is a movement for justice and development for Somalia.", "video": 1, "content": "Hal Qaran was established by Somali Youth to overcome the luck of qualified leadership in the country. \"The days of silence is over\" says the Hal Qaran Movement.\r\nHal Qaran was established by Somali Youth to overcome the luck of qualified leadership in the country. \"The days of silence is over\" says the **Hal Qaran Movement**.\r\nHal Qaran was established by Somali Youth to overcome the luck of qualified leadership in the country. \"The days of silence is over\" says the Hal Qaran Movement.\r\nHal Qaran was established by Somali Youth to overcome the luck of qualified leadership in the country. \"The days of silence is over\" says the Hal Qaran Movement.\r\nHal Qaran was established by Somali Youth to overcome the luck of qualified leadership in the country. \"The days of silence is over\" says the Hal Qaran Movement.", "date_added": "2016-06-28T10:51:47Z", "last_updated": "2016-06-28T10:51:47Z", "published_date": "2016-06-28T10:51:47Z", "likes": 0, "dislikes": 0, "category": 5, "author": 1, "featured_image": 1, "view_counter": 0}}, {"model": "campaign.comment", "pk": 1, "fields": {"post": 1, "parent": null, "user": 1, "text": "Waa comment tijaabo ahaan aan halkaan uso geliyay.", "date": "2016-06-02T18:15:52Z", "likes": 1, "dislikes": 0, "approved": false}}, {"model": "campaign.comment", "pk": 2, "fields": {"post": 1, "parent": 1, "user": 1, "text": "waxaan halkan kusi tijaabina comment kale.", "date": "2016-06-03T11:48:11Z", "likes": 4, "dislikes": 0, "approved": true}}, {"model": "campaign.comment", "pk": 3, "fields": {"post": 1, "parent": 2, "user": 1, "text": "sido kale comment kale ayaa halkan kusi jirto.", "date": "2016-06-03T11:49:00Z", "likes": 4, "dislikes": 0, "approved": true}}, {"model": "campaign.comment", "pk": 6, "fields": {"post": 1, "parent": null, "user": 1, "text": "How are you.", "date": "2016-06-09T21:27:40.259Z", "likes": 0, "dislikes": 0, "approved": true}}, {"model": "campaign.comment", "pk": 7, "fields": {"post": 1, "parent": null, "user": 1, "text": "I'm still testing.", "date": "2016-06-09T21:28:50.408Z", "likes": 0, "dislikes": 0, "approved": true}}, {"model": "campaign.comment", "pk": 8, "fields": {"post": 1, "parent": null, "user": 1, "text": "Hello.", "date": "2016-06-09T21:56:53.808Z", "likes": 0, "dislikes": 0, "approved": true}}, {"model": "campaign.comment", "pk": 9, "fields": {"post": 1, "parent": null, "user": 1, "text": "Hello Again and again....", "date": "2016-06-09T21:57:23.077Z", "likes": 0, "dislikes": 0, "approved": false}}, {"model": "campaign.comment", "pk": 10, "fields": {"post": 2, "parent": null, "user": 1, "text": "THis is a comment.", "date": "2016-06-09T22:01:39.383Z", "likes": 0, "dislikes": 0, "approved": false}}, {"model": "campaign.comment", "pk": 27, "fields": {"post": 6, "parent": null, "user": 1, "text": "Hello", "date": "2016-06-30T09:43:58.818Z", "likes": 0, "dislikes": 0, "approved": false}}, {"model": "campaign.like", "pk": 32, "fields": {"liked_post": null, "liked_comment": null, "user": 1}}, {"model": "campaign.like", "pk": 34, "fields": {"liked_post": 6, "liked_comment": null, "user": 1}}, {"model": "campaign.like", "pk": 35, "fields": {"liked_post": 1, "liked_comment": null, "user": 1}}, {"model": "campaign.like", "pk": 36, "fields": {"liked_post": null, "liked_comment": 1, "user": 1}}, {"model": "campaign.dislike", "pk": 2, "fields": {"disliked_post": 6, "disliked_comment": null, "reason": null, "user": 1}}, {"model": "campaign.dislike", "pk": 3, "fields": {"disliked_post": 6, "disliked_comment": null, "reason": null, "user": 2}}, {"model": "campaign.message", "pk": 1, "fields": {"email": "boolow5@gmail.com", "message": "waxaan jeclahay in website-kan laga dhigo mid dadka ay fikirkooda kadhiiban karaan.", "date": "2016-06-29T17:56:06.806Z"}}, {"model": "campaign.location", "pk": 1, "fields": {"user": 12, "current_country": "SE", "current_city": "Malmo", "region_of_birth": "Banaadir", "city_of_birth": "Muqdisho"}}, {"model": "campaign.location", "pk": 2, "fields": {"user": 1, "current_country": "AU", "current_city": "Melbourn", "region_of_birth": "Waqooyi Galbeed", "city_of_birth": "Hargeysa"}}, {"model": "campaign.location", "pk": 3, "fields": {"user": 13, "current_country": "SO", "current_city": "Mogadishu", "region_of_birth": "Hiiraan", "city_of_birth": "Beledweyn"}}]